BEGIN;

--
--  Auth
--

INSERT INTO `user` (`id`, `email`, `username`, `password`) VALUES
(1, 'admin@matchbizz.com', 'admin', '$2y$12$MmZ3R0RiZmFTRjlEWDZhROhNj.DvWhS4yTqw6/wK09Avsi7KniUzq');

INSERT INTO `role` (`id`, `name`, `description`) VALUES
(1, 'admin', 'Administrator of the platform'),
(2, 'customer', 'User who is capable of contacting business owner to get a service'),
(3, 'business-owner', 'User who is in charge of a business that sell any kind of service');

INSERT INTO `userRole` (`id`, `userId`, `roleId`) VALUES
(1, 1, 1);

--
--  Plans
--

INSERT INTO `plan` (`id`, `name`, `costCurrencyCode`, `costAmount`, `billingCycleFrequency`, `billingCycleFrequencyInterval`, `billingCycleNumber`) VALUES
(1, 'Promotional plan ', 'USD', '9.99', 'Year',  1, 1),
(2, 'Business info plan ', 'USD', '9.99', 'Month',  1, 0),
(3, 'Business and personal info plan', 'USD', '19.99', 'Month', 1, 0),
(4, 'Full year plan', 'USD', '199.00', 'Year', 1, 0);

INSERT INTO `feature` (`id`, `name`, `description`) VALUES
(1, 'business-informacion', 'Business informacion'),
(2, 'show-your-services', 'Show your services'),
(3, 'add-gallery-photos', 'Add gallery photos'),
(4, 'link-your-social-networks', 'Link your social networks'),
(5, 'business-hours', 'Publish your business hours'),
(6, 'business-review', 'Get reviews to improve your rating'),
(7, 'business-private-message', 'Receive messages from customers'),
(8, 'personal-information', 'Personal information'),
(9, 'employees-information', 'Add 3 employees information');

INSERT INTO `planFeature` (`id`, `planId`, `featureId`, `special`) VALUES
(1, 1, 1, 0),
(2, 1, 2, 0),
(3, 1, 3, 0),
(4, 1, 4, 0),
(5, 1, 5, 0),
(6, 1, 6, 0),
(7, 1, 7, 0),
(8, 1, 8, 0),
(9, 1, 9, 1),
(10, 2, 1, 0),
(11, 2, 2, 0),
(12, 2, 3, 0),
(13, 2, 4, 0),
(14, 2, 5, 0),
(15, 2, 6, 0),
(16, 2, 7, 0),
(17, 3, 1, 0),
(18, 3, 2, 0),
(19, 3, 3, 0),
(20, 3, 4, 0),
(21, 3, 5, 0),
(22, 3, 6, 0),
(23, 3, 7, 0),
(24, 3, 8, 0),
(25, 4, 1, 0),
(26, 4, 2, 0),
(27, 4, 3, 0),
(28, 4, 4, 0),
(29, 4, 5, 0),
(30, 4, 6, 0),
(31, 4, 7, 0),
(32, 4, 8, 0),
(33, 4, 9, 1);

--
--  Filters
--

INSERT INTO `yearsOfExperienceRange` (`id`, `min`, `max`) VALUES
(1, 1, 5),
(2, 5, 10),
(3, 10, null);

INSERT INTO `ageRange` (`id`, `min`, `max`) VALUES
(1, 20, 30),
(2, 30, 40),
(3, 40, 50),
(4, 60, null);

INSERT INTO `ethnicity` (`id`, `name`) VALUES
(1, 'American'),
(2, 'Asian'),
(3, 'Black or African American'),
(4, 'Hispanic or Latino'),
(5, 'Native Hawaiian or Other Pacific Islander'),
(6, 'White');

INSERT INTO `gender` (`id`, `name`) VALUES
(1, 'Male'),
(2, 'Female'),
(3, 'Other');

INSERT INTO `hobbie` (`id`, `name`) VALUES
(1, 'Family Fun'),
(2, 'Nightlife'),
(3, 'Outdoors'),
(4, 'Sports'),
(5, 'Activities');

INSERT INTO `lifeStyle` (`id`, `name`) VALUES
(1, 'Women Owned Business'),
(2, 'LGBT Community'),
(3, 'Veterans'),
(4, 'Military Service Members'),
(5, 'Other');

INSERT INTO `faith` (`id`, `name`) VALUES
(1, 'Christian'),
(2, 'Catholic'),
(3, 'Islam'),
(4, 'Hinduism'),
(5, 'Buddhism'),
(6, 'Taoism'),
(7, 'Jainism'),
(8, 'Dharmic'),
(9, 'Other');

INSERT INTO `education` (`id`, `name`) VALUES
(1, 'Licensed'),
(2, 'Pre-Primary'),
(3, 'Primary'),
(4, 'Secondary'),
(5, 'Technical and Vocational'),
(6, 'Bachelor Degree'),
(7, 'Masters Degree'),
(8, 'Adult/Fundamental Education');

INSERT INTO `maritalStatus` (`id`, `name`) VALUES
(1, 'Married'),
(2, 'Single');

INSERT INTO `language` (`id`, `name`) VALUES
(1, 'Chinese'),
(2, 'Spanish'),
(3, 'English'),
(4, 'Hindi'),
(5, 'Arabic'),
(6, 'Portuguese'),
(7, 'Bengali'),
(8, 'Russian'),
(9, 'Japanese'),
(10, 'Punjabi/Lahnda');

--
--  Categories
--

INSERT INTO `icons` (`id`, `code`) VALUES
(1, 'fa-glass'),
(2, 'fa-music'),
(3, 'fa-search'),
(4, 'fa-envelope-o'),
(5, 'fa-heart'),
(6, 'fa-star'),
(7, 'fa-star-o'),
(8, 'fa-user'),
(9, 'fa-film'),
(10, 'fa-th-large'),
(11, 'fa-th'),
(12, 'fa-th-list'),
(13, 'fa-check'),
(14, 'fa-remove'),
(15, 'fa-close'),
(16, 'fa-times'),
(17, 'fa-search-plus'),
(18, 'fa-search-minus'),
(19, 'fa-power-off'),
(20, 'fa-signal'),
(21, 'fa-gear'),
(22, 'fa-cog'),
(23, 'fa-trash-o'),
(24, 'fa-home'),
(25, 'fa-file-o'),
(26, 'fa-clock-o'),
(27, 'fa-road'),
(28, 'fa-download'),
(29, 'fa-arrow-circle-o-down'),
(30, 'fa-arrow-circle-o-up'),
(31, 'fa-inbox'),
(32, 'fa-play-circle-o'),
(33, 'fa-rotate-right'),
(34, 'fa-repeat'),
(35, 'fa-refresh'),
(36, 'fa-list-alt'),
(37, 'fa-lock'),
(38, 'fa-flag'),
(39, 'fa-headphones'),
(40, 'fa-volume-off'),
(41, 'fa-volume-down'),
(42, 'fa-volume-up'),
(43, 'fa-qrcode'),
(44, 'fa-barcode'),
(45, 'fa-tag'),
(46, 'fa-tags'),
(47, 'fa-book'),
(48, 'fa-bookmark'),
(49, 'fa-print f'),
(50, 'fa-camera'),
(51, 'fa-font'),
(52, 'fa-bold'),
(53, 'fa-italic'),
(54, 'fa-text-height'),
(55, 'fa-text-width'),
(56, 'fa-align-left'),
(57, 'fa-align-center'),
(58, 'fa-align-right'),
(59, 'fa-align-justify'),
(60, 'fa-list'),
(61, 'fa-dedent'),
(62, 'fa-outdent'),
(63, 'fa-indent'),
(64, 'fa-video-camera'),
(65, 'fa-photo'),
(66, 'fa-image'),
(67, 'fa-picture-o'),
(68, 'fa-pencil'),
(69, 'fa-map-marker'),
(70, 'fa-adjust'),
(71, 'fa-tint'),
(72, 'fa-edit'),
(73, 'fa-pencil-square-o'),
(74, 'fa-share-square-o'),
(75, 'fa-check-square-o'),
(76, 'fa-arrows'),
(77, 'fa-step-backward'),
(78, 'fa-fast-backward'),
(79, 'fa-backward'),
(80, 'fa-play'),
(81, 'fa-pause'),
(82, 'fa-stop'),
(83, 'fa-forward'),
(84, 'fa-fast-forward'),
(85, 'fa-step-forward'),
(86, 'fa-eject'),
(87, 'fa-chevron-left'),
(88, 'fa-chevron-right'),
(89, 'fa-plus-circle'),
(90, 'fa-minus-circle'),
(91, 'fa-times-circle'),
(92, 'fa-check-circle'),
(93, 'fa-question-circle'),
(94, 'fa-info-circle'),
(95, 'fa-crosshairs'),
(96, 'fa-times-circle-o'),
(97, 'fa-check-circle-o'),
(98, 'fa-ban'),
(99, 'fa-arrow-left'),
(100, 'fa-arrow-right'),
(101, 'fa-arrow-up'),
(102, 'fa-arrow-down'),
(103, 'fa-mail-forward'),
(104, 'fa-share'),
(105, 'fa-expand'),
(106, 'fa-compress'),
(107, 'fa-plus'),
(108, 'fa-minus'),
(109, 'fa-asterisk'),
(110, 'fa-exclamation-circle'),
(111, 'fa-gift'),
(112, 'fa-leaf'),
(113, 'fa-fire'),
(114, 'fa-eye'),
(115, 'fa-eye-slash'),
(116, 'fa-warning'),
(117, 'fa-exclamation-triangle'),
(118, 'fa-plane'),
(119, 'fa-calendar'),
(120, 'fa-random'),
(121, 'fa-comment'),
(122, 'fa-magnet'),
(123, 'fa-chevron-up'),
(124, 'fa-chevron-down'),
(125, 'fa-retweet'),
(126, 'fa-shopping-cart'),
(127, 'fa-folder'),
(128, 'fa-folder-open'),
(129, 'fa-arrows-v'),
(130, 'fa-arrows-h'),
(131, 'fa-bar-chart-o'),
(132, 'fa-bar-chart'),
(133, 'fa-twitter-square'),
(134, 'fa-facebook-square'),
(135, 'fa-camera-retro'),
(136, 'fa-key'),
(137, 'fa-gears'),
(138, 'fa-cogs'),
(139, 'fa-comments'),
(140, 'fa-thumbs-o-up'),
(141, 'fa-thumbs-o-down'),
(142, 'fa-star-half'),
(143, 'fa-heart-o'),
(144, 'fa-sign-out'),
(145, 'fa-linkedin-square'),
(146, 'fa-thumb-tack'),
(147, 'fa-external-link'),
(148, 'fa-sign-in'),
(149, 'fa-trophy'),
(150, 'fa-github-square'),
(151, 'fa-upload'),
(152, 'fa-lemon-o'),
(153, 'fa-phone'),
(154, 'fa-square-o'),
(155, 'fa-bookmark-o'),
(156, 'fa-phone-square'),
(157, 'fa-twitter'),
(158, 'fa-facebook-f'),
(159, 'fa-facebook'),
(160, 'fa-github'),
(161, 'fa-unlock'),
(162, 'fa-credit-card'),
(163, 'fa-rss'),
(164, 'fa-hdd-o'),
(165, 'fa-bullhorn'),
(166, 'fa-bell'),
(167, 'fa-certificate'),
(168, 'fa-hand-o-right'),
(169, 'fa-hand-o-left'),
(170, 'fa-hand-o-up'),
(171, 'fa-hand-o-down'),
(172, 'fa-arrow-circle-left'),
(173, 'fa-arrow-circle-right'),
(174, 'fa-arrow-circle-up'),
(175, 'fa-arrow-circle-down'),
(176, 'fa-globe'),
(177, 'fa-wrench'),
(178, 'fa-tasks'),
(179, 'fa-filter'),
(180, 'fa-briefcase'),
(181, 'fa-arrows-alt'),
(182, 'fa-group'),
(183, 'fa-users'),
(184, 'fa-chain'),
(185, 'fa-link'),
(186, 'fa-cloud'),
(187, 'fa-flask'),
(188, 'fa-cut'),
(189, 'fa-scissors'),
(190, 'fa-copy'),
(191, 'fa-files-o'),
(192, 'fa-paperclip'),
(193, 'fa-save'),
(194, 'fa-floppy-o'),
(195, 'fa-square'),
(196, 'fa-navicon'),
(197, 'fa-reorder'),
(198, 'fa-bars'),
(199, 'fa-list-ul'),
(200, 'fa-list-ol'),
(201, 'fa-strikethrough'),
(202, 'fa-underline'),
(203, 'fa-table'),
(204, 'fa-magic'),
(205, 'fa-truck'),
(206, 'fa-pinterest'),
(207, 'fa-pinterest-square'),
(208, 'fa-google-plus-square'),
(209, 'fa-google-plus'),
(210, 'fa-money'),
(211, 'fa-caret-down'),
(212, 'fa-caret-up'),
(213, 'fa-caret-left'),
(214, 'fa-caret-right'),
(215, 'fa-columns'),
(216, 'fa-unsorted'),
(217, 'fa-sort'),
(218, 'fa-sort-down'),
(219, 'fa-sort-desc'),
(220, 'fa-sort-up'),
(221, 'fa-sort-asc'),
(222, 'fa-envelope'),
(223, 'fa-linkedin'),
(224, 'fa-rotate-left'),
(225, 'fa-undo'),
(226, 'fa-legal'),
(227, 'fa-gavel'),
(228, 'fa-dashboard'),
(229, 'fa-tachometer'),
(230, 'fa-comment-o'),
(231, 'fa-comments-o'),
(232, 'fa-flash'),
(233, 'fa-bolt'),
(234, 'fa-sitemap'),
(235, 'fa-umbrella'),
(236, 'fa-paste'),
(237, 'fa-clipboard'),
(238, 'fa-lightbulb-o'),
(239, 'fa-exchange'),
(240, 'fa-cloud-download'),
(241, 'fa-cloud-upload'),
(242, 'fa-user-md'),
(243, 'fa-stethoscope'),
(244, 'fa-suitcase'),
(245, 'fa-bell-o'),
(246, 'fa-coffee'),
(247, 'fa-cutlery'),
(248, 'fa-file-text-o'),
(249, 'fa-building-o'),
(250, 'fa-hospital-o'),
(251, 'fa-ambulance'),
(252, 'fa-medkit'),
(253, 'fa-fighter-jet'),
(254, 'fa-beer'),
(255, 'fa-h-square'),
(256, 'fa-plus-square'),
(257, 'fa-angle-double-left'),
(258, 'fa-angle-double-right'),
(259, 'fa-angle-double-up'),
(260, 'fa-angle-double-down'),
(261, 'fa-angle-left'),
(262, 'fa-angle-right'),
(263, 'fa-angle-up'),
(264, 'fa-angle-down'),
(265, 'fa-desktop'),
(266, 'fa-laptop'),
(267, 'fa-tablet'),
(268, 'fa-mobile-phone'),
(269, 'fa-mobile'),
(270, 'fa-circle-o'),
(271, 'fa-quote-left'),
(272, 'fa-quote-right'),
(273, 'fa-spinner'),
(274, 'fa-circle'),
(275, 'fa-mail-reply'),
(276, 'fa-reply'),
(277, 'fa-github-alt'),
(278, 'fa-folder-o'),
(279, 'fa-folder-open-o'),
(280, 'fa-smile-o'),
(281, 'fa-frown-o'),
(282, 'fa-meh-o'),
(283, 'fa-gamepad'),
(284, 'fa-keyboard-o'),
(285, 'fa-flag-o'),
(286, 'fa-flag-checkered'),
(287, 'fa-terminal'),
(288, 'fa-code'),
(289, 'fa-mail-reply-all'),
(290, 'fa-reply-all'),
(291, 'fa-star-half-empty'),
(292, 'fa-star-half-full'),
(293, 'fa-star-half-o'),
(294, 'fa-location-arrow'),
(295, 'fa-crop'),
(296, 'fa-code-fork'),
(297, 'fa-unlink'),
(298, 'fa-chain-broken'),
(299, 'fa-question'),
(300, 'fa-info'),
(301, 'fa-exclamation'),
(302, 'fa-superscript'),
(303, 'fa-subscript'),
(304, 'fa-eraser'),
(305, 'fa-puzzle-piece'),
(306, 'fa-microphone'),
(307, 'fa-microphone-slash'),
(308, 'fa-shield'),
(309, 'fa-calendar-o'),
(310, 'fa-fire-extinguisher'),
(311, 'fa-rocket'),
(312, 'fa-maxcdn'),
(313, 'fa-chevron-circle-left'),
(314, 'fa-chevron-circle-right'),
(315, 'fa-chevron-circle-up'),
(316, 'fa-chevron-circle-down'),
(317, 'fa-html5'),
(318, 'fa-css3'),
(319, 'fa-anchor'),
(320, 'fa-unlock-alt'),
(321, 'fa-bullseye'),
(322, 'fa-ellipsis-h'),
(323, 'fa-ellipsis-v'),
(324, 'fa-rss-square'),
(325, 'fa-play-circle'),
(326, 'fa-ticket'),
(327, 'fa-minus-square'),
(328, 'fa-minus-square-o'),
(329, 'fa-level-up'),
(330, 'fa-level-down'),
(331, 'fa-check-square'),
(332, 'fa-pencil-square'),
(333, 'fa-external-link-square'),
(334, 'fa-share-square'),
(335, 'fa-compass'),
(336, 'fa-toggle-down'),
(337, 'fa-caret-square-o-down'),
(338, 'fa-toggle-up'),
(339, 'fa-caret-square-o-up'),
(340, 'fa-toggle-right'),
(341, 'fa-caret-square-o-right'),
(342, 'fa-euro'),
(343, 'fa-eur'),
(344, 'fa-gbp'),
(345, 'fa-dollar'),
(346, 'fa-usd'),
(347, 'fa-rupee'),
(348, 'fa-inr'),
(349, 'fa-cny'),
(350, 'fa-rmb'),
(351, 'fa-yen'),
(352, 'fa-jpy'),
(353, 'fa-ruble'),
(354, 'fa-rouble'),
(355, 'fa-rub'),
(356, 'fa-won'),
(357, 'fa-krw'),
(358, 'fa-bitcoin'),
(359, 'fa-btc'),
(360, 'fa-file'),
(361, 'fa-file-text'),
(362, 'fa-sort-alpha-asc'),
(363, 'fa-sort-alpha-desc'),
(364, 'fa-sort-amount-asc'),
(365, 'fa-sort-amount-desc'),
(366, 'fa-sort-numeric-asc'),
(367, 'fa-sort-numeric-desc'),
(368, 'fa-thumbs-up'),
(369, 'fa-thumbs-down'),
(370, 'fa-youtube-square'),
(371, 'fa-youtube'),
(372, 'fa-xing'),
(373, 'fa-xing-square'),
(374, 'fa-youtube-play'),
(375, 'fa-dropbox'),
(376, 'fa-stack-overflow'),
(377, 'fa-instagram'),
(378, 'fa-flickr'),
(379, 'fa-adn'),
(380, 'fa-bitbucket'),
(381, 'fa-bitbucket-square'),
(382, 'fa-tumblr'),
(383, 'fa-tumblr-square'),
(384, 'fa-long-arrow-down'),
(385, 'fa-long-arrow-up'),
(386, 'fa-long-arrow-left'),
(387, 'fa-long-arrow-right'),
(388, 'fa-apple'),
(389, 'fa-windows'),
(390, 'fa-android'),
(391, 'fa-linux'),
(392, 'fa-dribbble'),
(393, 'fa-skype'),
(394, 'fa-foursquare'),
(395, 'fa-trello'),
(396, 'fa-female'),
(397, 'fa-male'),
(398, 'fa-gittip'),
(399, 'fa-gratipay'),
(400, 'fa-sun-o'),
(401, 'fa-moon-o'),
(402, 'fa-archive'),
(403, 'fa-bug'),
(404, 'fa-vk'),
(405, 'fa-weibo'),
(406, 'fa-renren'),
(407, 'fa-pagelines'),
(408, 'fa-stack-exchange'),
(409, 'fa-arrow-circle-o-right'),
(410, 'fa-arrow-circle-o-left'),
(411, 'fa-toggle-left'),
(412, 'fa-caret-square-o-left'),
(413, 'fa-dot-circle-o'),
(414, 'fa-wheelchair'),
(415, 'fa-vimeo-square'),
(416, 'fa-turkish-lira'),
(417, 'fa-try'),
(418, 'fa-plus-square-o'),
(419, 'fa-space-shuttle'),
(420, 'fa-slack'),
(421, 'fa-envelope-square'),
(422, 'fa-wordpress'),
(423, 'fa-openid'),
(424, 'fa-institution'),
(425, 'fa-bank'),
(426, 'fa-university'),
(427, 'fa-mortar-board'),
(428, 'fa-graduation-cap'),
(429, 'fa-yahoo'),
(430, 'fa-google'),
(431, 'fa-reddit'),
(432, 'fa-reddit-square'),
(433, 'fa-stumbleupon-circle'),
(434, 'fa-stumbleupon'),
(435, 'fa-delicious'),
(436, 'fa-digg'),
(437, 'fa-pied-piper'),
(438, 'fa-pied-piper-alt'),
(439, 'fa-drupal'),
(440, 'fa-joomla'),
(441, 'fa-language'),
(442, 'fa-fax'),
(443, 'fa-building'),
(444, 'fa-child'),
(445, 'fa-paw'),
(446, 'fa-spoon'),
(447, 'fa-cube'),
(448, 'fa-cubes'),
(449, 'fa-behance'),
(450, 'fa-behance-square'),
(451, 'fa-steam'),
(452, 'fa-steam-square'),
(453, 'fa-recycle'),
(454, 'fa-automobile'),
(455, 'fa-car'),
(456, 'fa-cab'),
(457, 'fa-taxi'),
(458, 'fa-tree'),
(459, 'fa-spotify'),
(460, 'fa-deviantart'),
(461, 'fa-soundcloud'),
(462, 'fa-database'),
(463, 'fa-file-pdf-o'),
(464, 'fa-file-word-o'),
(465, 'fa-file-excel-o'),
(466, 'fa-file-powerpoint-o'),
(467, 'fa-file-photo-o'),
(468, 'fa-file-picture-o'),
(469, 'fa-file-image-o'),
(470, 'fa-file-zip-o'),
(471, 'fa-file-archive-o'),
(472, 'fa-file-sound-o'),
(473, 'fa-file-audio-o'),
(474, 'fa-file-movie-o'),
(475, 'fa-file-video-o'),
(476, 'fa-file-code-o'),
(477, 'fa-vine'),
(478, 'fa-codepen'),
(479, 'fa-jsfiddle'),
(480, 'fa-life-bouy'),
(481, 'fa-life-buoy'),
(482, 'fa-life-saver'),
(483, 'fa-support'),
(484, 'fa-life-ring'),
(485, 'fa-circle-o-notch'),
(486, 'fa-ra'),
(487, 'fa-rebel'),
(488, 'fa-ge'),
(489, 'fa-empire'),
(490, 'fa-git-square'),
(491, 'fa-git'),
(492, 'fa-hacker-news'),
(493, 'fa-tencent-weibo'),
(494, 'fa-qq'),
(495, 'fa-wechat'),
(496, 'fa-weixin'),
(497, 'fa-send'),
(498, 'fa-paper-plane'),
(499, 'fa-send-o'),
(500, 'fa-paper-plane-o'),
(501, 'fa-history'),
(502, 'fa-genderless'),
(503, 'fa-circle-thin'),
(504, 'fa-header'),
(505, 'fa-paragraph'),
(506, 'fa-sliders'),
(507, 'fa-share-alt'),
(508, 'fa-share-alt-square'),
(509, 'fa-bomb'),
(510, 'fa-soccer-ball-o'),
(511, 'fa-futbol-o'),
(512, 'fa-tty'),
(513, 'fa-binoculars'),
(514, 'fa-plug'),
(515, 'fa-slideshare'),
(516, 'fa-twitch'),
(517, 'fa-yelp'),
(518, 'fa-newspaper-o'),
(519, 'fa-wifi'),
(520, 'fa-calculator'),
(521, 'fa-paypal'),
(522, 'fa-google-wallet'),
(523, 'fa-cc-visa'),
(524, 'fa-cc-mastercard'),
(525, 'fa-cc-discover'),
(526, 'fa-cc-amex'),
(527, 'fa-cc-paypal'),
(528, 'fa-cc-stripe'),
(529, 'fa-bell-slash'),
(530, 'fa-bell-slash-o'),
(531, 'fa-trash'),
(532, 'fa-copyright'),
(533, 'fa-at'),
(534, 'fa-eyedropper'),
(535, 'fa-paint-brush'),
(536, 'fa-birthday-cake'),
(537, 'fa-area-chart'),
(538, 'fa-pie-chart'),
(539, 'fa-line-chart'),
(540, 'fa-lastfm'),
(541, 'fa-lastfm-square'),
(542, 'fa-toggle-off'),
(543, 'fa-toggle-on'),
(544, 'fa-bicycle'),
(545, 'fa-bus'),
(546, 'fa-ioxhost'),
(547, 'fa-angellist'),
(548, 'fa-cc za'),
(549, 'fa-shekel'),
(550, 'fa-sheqel'),
(551, 'fa-ils'),
(552, 'fa-meanpath'),
(553, 'fa-buysellads'),
(554, 'fa-connectdevelop'),
(555, 'fa-dashcube'),
(556, 'fa-forumbee'),
(557, 'fa-leanpub'),
(558, 'fa-sellsy'),
(559, 'fa-shirtsinbulk'),
(560, 'fa-simplybuilt'),
(561, 'fa-skyatlas'),
(562, 'fa-cart-plus'),
(563, 'fa-cart-arrow-down'),
(564, 'fa-diamond'),
(565, 'fa-ship'),
(566, 'fa-user-secret'),
(567, 'fa-motorcycle'),
(568, 'fa-street-view'),
(569, 'fa-heartbeat'),
(570, 'fa-venus'),
(571, 'fa-mars'),
(572, 'fa-mercury'),
(573, 'fa-transgender'),
(574, 'fa-transgender-alt'),
(575, 'fa-venus-double'),
(576, 'fa-mars-double'),
(577, 'fa-venus-mars'),
(578, 'fa-mars-stroke'),
(579, 'fa-mars-stroke-v'),
(580, 'fa-mars-stroke-h'),
(581, 'fa-neuter'),
(582, 'fa-facebook-official'),
(583, 'fa-pinterest-p'),
(584, 'fa-whatsapp'),
(585, 'fa-server'),
(586, 'fa-user-plus'),
(587, 'fa-user-times'),
(588, 'fa-hotel'),
(589, 'fa-bed'),
(590, 'fa-viacoin'),
(591, 'fa-train'),
(592, 'fa-subway'),
(593, 'fa-medium');

INSERT INTO `category` (`id`, `name`, `description`, `parentCategoryId`, `iconId`) VALUES
(1, 'Real Estate agents', '...', NULL, 24),
(2, 'Technicians', '...', NULL, 177),
(3, 'Contractors', '...', NULL, 180),
(4, 'Landscaper', '...', NULL, 458),
(5, 'Physician', '...', NULL, 428),
(6, 'Dentists', '...', NULL, 242),
(7, 'Eye Dr.', '...', NULL, 114),
(8, 'Car salesmen', '...', NULL, 455),
(9, 'Insurance agent', '...', NULL, 308),
(10, 'Catering', '...', NULL, 246),
(11, 'Cleaning', '...', NULL, 535),
(12, 'Buyers', '...', 1, NULL),
(13, 'Sellers', '...', 1, NULL),
(14, 'Leasing', '...', 1, NULL),
(15, 'Commercial', '...', 1, NULL),
(16, 'Plumber', '...', 2, NULL),
(17, 'Electrician', '...', 2, NULL),
(18, 'AC/heating', '...', 2, NULL),
(19, 'Pest Control', '...', 2, NULL),
(20, 'Inspectors', '...', 2, NULL),
(21, 'Masonry', '...', 3, NULL),
(22, 'Roofing', '...', 3, NULL),
(23, 'Framing/decking', '...', 3, NULL),
(24, 'Flooring', '...', 3, NULL),
(25, 'Painter', '...', 3, NULL),
(26, 'Pest control', '...', 3, NULL),
(27, 'Gardener', '...', 4, NULL),
(28, 'Cutting Grass', '...', 4, NULL),
(29, 'Tree trimming', '...', 4, NULL),
(30, 'Sprinkler system', '...', 4, NULL),
(31, 'Family', '...', 5, NULL),
(32, 'Heart', '...', 5, NULL),
(33, 'Bones', '...', 5, NULL),
(34, 'OBGYN', '...', 5, NULL),
(35, 'Braces', '...', 6, NULL),
(36, 'Denchers', '...', 6, NULL),
(37, 'Surgery', '...', 6, NULL),
(38, 'Eye exam', '...', 7, NULL),
(39, 'Laser', '...', 7, NULL),
(40, 'New', '...', 8, NULL),
(41, 'Used', '...', 8, NULL),
(42, 'Leasing', '...', 8, NULL),
(43, 'Auto', '...', 9, NULL),
(44, 'Health', '...', 9, NULL),
(45, 'Residential', '...', 11, NULL),
(46, 'Commercial', '...', 11, NULL),
(47, 'Auto', '...', 11, NULL),
(48, 'Powerwasher', '...', 11, NULL),
(49, 'Residential', '...', 16, NULL),
(50, 'Commercial', '...', 16, NULL),
(51, 'Residential', '...', 17, NULL),
(52, 'Commercial', '...', 17, NULL),
(53, 'Residential', '...', 18, NULL),
(54, 'Commercial', '...', 18, NULL),
(55, 'Pest removal', '...', 19, NULL),
(56, 'Termite', '...', 19, NULL),
(57, 'Residential', '...', 20, NULL),
(58, 'Commercial', '...', 20, NULL),
(59, 'Termite', '...', 20, NULL),
(60, 'Mold', '...', 20, NULL),
(61, 'Energy', '...', 20, NULL),
(62, 'Repairing', '...', 21, NULL),
(63, 'Shingles', '...', 22, NULL),
(64, 'Clay', '...', 22, NULL),
(65, 'Metal', '...', 22, NULL),
(66, 'Wood', '...', 24, NULL),
(67, 'Carpet', '...', 24, NULL),
(68, 'Stain', '...', 24, NULL),
(69, 'Texture', '...', 25, NULL),
(70, 'Sheat Rock', '...', 25, NULL),
(71, 'Pest Removal', '...', 26, NULL),
(72, 'Termite', '...', 26, NULL),
(73, 'Sod', '...', 27, NULL),
(74, 'Design', '...', 27, NULL),
(75, 'Planting', '...', 27, NULL),
(76, 'Trimming', '...', 28, NULL),
(77, 'Tree Removal', '...', 29, NULL),
(78, 'Repairs', '...', 30, NULL),
(79, 'Install', '...', 30, NULL);

--
--  Social Networks
--

INSERT INTO `socialNetwork` (`id`, `name`, `baseUrl`, `icon`, `createdAt`, `updatedAt`, `deletedAt`) VALUES
(1, 'Facebook', 'https://www.facebook.com/', 'fa fa-facebook', '2018-05-17 15:13:31', '2018-05-30 13:28:31', NULL),
(2, 'Twitter', 'https://twitter.com/', 'fa fa-twitter', '2018-05-17 17:31:50', '2018-05-30 13:28:27', NULL),
(3, 'Instagram', 'https://www.instagram.com/', 'fa fa-instagram', '2018-05-29 14:28:55', '2018-05-29 14:28:55', NULL),
(4, 'Pinterest', 'https://www.pinterest.com/', 'fa fa-pinterest', '2018-05-29 14:29:09', '2018-05-29 14:29:37', NULL),
(5, 'Tumblr', 'https://www.tumblr.com/', 'fa fa-tumblr', '2018-05-29 14:29:09', '2018-05-29 14:29:37', NULL);

COMMIT;
